Component, GAV, License, URL, Scope, Path
aleph,aleph:aleph:0.6.1:jar,MIT License,http://aleph.io/,binary,
Apache Commons Codec,commons-codec:commons-codec:1.16.0:jar,Apache License 2.0,https://commons.apache.org/proper/commons-codec/,binary,
Apache Commons Compress,org.apache.commons:commons-compress:1.24.0:jar,Apache License 2.0,https://commons.apache.org/proper/commons-compress/,binary,
Apache Commons FileUpload,commons-fileupload:commons-fileupload:1.5:jar,Apache License 2.0,http://www.apache.org/licenses/LICENSE-2.0.txt,binary,
Apache Commons IO,commons-io:commons-io:2.14.0:jar,Apache License 2.0,https://commons.apache.org/proper/commons-io/,binary,
Apache ServiceMix :: Bundles :: javax.inject,org.apache.servicemix.bundles:org.apache.servicemix.bundles.javax-inject:1_2:bundle,Apache License 2.0,http://www.apache.org/licenses/LICENSE-2.0.txt,binary,
ASM All,org.ow2.asm:asm-all:4.2:jar,BSD License,http://asm.objectweb.org/asm-all/,binary,
ASM based accessors helper used by json-smart,net.minidev:accessors-smart:2.4.9:bundle,Apache License 2.0,https://raw.githubusercontent.com/netplex/json-smart-v2/2.4.9/LICENSE,binary,
asm,org.ow2.asm:asm:9.3:jar,BSD License,https://asm.ow2.io/license.html,binary,
Atlassian Profiling,com.atlassian.profiling:atlassian-profiling:4.6.0:jar,BSD License,http://docs.atlassian.com/atlassian-profiling/4.6.0,binary,
Atlassian Secure Utils,com.atlassian.security:atlassian-secure-utils:3.2.14:jar,Apache License 2.0,https://docs.atlassian.com/atlassian-secure-utils/3.2.14/atlassian-secure-utils,binary,
Bean Validation API,javax.validation:validation-api:1.1.0.Final:jar,Apache License 2.0,http://www.apache.org/licenses/LICENSE-2.0.html,binary,
better-cond,better-cond:better-cond:2.0.2:jar,Eclipse Public License 1.0,https://github.com/Engelberg/better-cond,binary,
Bouncy Castle ASN.1 Extension and Utility APIs,org.bouncycastle:bcutil-jdk15on:1.69:jar,MIT License,https://www.bouncycastle.org/java.html,binary,
Bouncy Castle PKIX -  CMS -  EAC -  TSP -  PKCS -  OCSP -  CMP -  and CRMF APIs,org.bouncycastle:bcpkix-jdk15on:1.69:jar,MIT License,https://www.bouncycastle.org/java.html,binary,
Bouncy Castle Provider,org.bouncycastle:bcprov-jdk15on:1.69:jar,MIT License,https://www.bouncycastle.org/java.html,binary,
Bouncy Castle S/MIME API,org.bouncycastle:bcmail-jdk15on:1.69:jar,MIT License,https://www.bouncycastle.org/java.html,binary,
Bridge method injection annotations,com.infradna.tool:bridge-method-annotation:1.13:jar,MIT License,http://bridge-method-injector.infradna.com/bridge-method-annotation/,binary,
byte-streams,byte-streams:byte-streams:0.2.0:jar,MIT License,https://github.com/ztellman/byte-streams,binary,
byte-streams,org.clj-commons:byte-streams:0.3.1:jar,MIT License,https://github.com/clj-commons/byte-streams/,binary,
byte-transforms,org.clj-commons:byte-transforms:0.2.2:jar,Apache License 2.0,https://github.com/clj-commons/byte-transforms/blob/master/LICENSE.txt,binary,
c3p0,com.mchange:c3p0:0.9.5.5:jar,Eclipse Public License 1.0,http://www.eclipse.org/legal/epl-v10.html,binary,
camel-snake-kebab,camel-snake-kebab:camel-snake-kebab:0.4.0:jar,Eclipse Public License 1.0,https://github.com/qerub/camel-snake-kebab,binary,
Checker Qual,org.checkerframework:checker-qual:3.37.0:jar,MIT License,https://checkerframework.org/,binary,
cheshire,cheshire:cheshire:5.8.1:jar,MIT License,https://github.com/dakrone/cheshire,binary,
clj-time,clj-time:clj-time:0.15.1:jar,MIT License,https://github.com/clj-time/clj-time,binary,
clj-tuple,clj-tuple:clj-tuple:0.2.2:jar,MIT License,https://github.com/ztellman/clj-tuple,binary,
clojure,org.clojure:clojure:1.10.1:jar,Eclipse Public License 1.0,https://github.com/clojure/clojure,binary,
clout,clout:clout:2.2.1:jar,Eclipse Public License 1.0,https://github.com/weavejester/clout,binary,
compojure,compojure:compojure:1.6.1:jar,Eclipse Public License 1.0,https://github.com/weavejester/compojure,binary,
core.async,org.clojure:core.async:0.4.500:jar,Eclipse Public License 1.0,https://github.com/clojure/core.async,binary,
core.cache,org.clojure:core.cache:0.7.2:jar,Eclipse Public License 1.0,https://github.com/clojure/core.cache,binary,
core.match,org.clojure:core.match:0.3.0:jar,Eclipse Public License 1.0,https://github.com/clojure/core.match,binary,
core.memoize,org.clojure:core.memoize:0.5.9:jar,Eclipse Public License 1.0,https://github.com/clojure/core.memoize,binary,
core.specs.alpha,org.clojure:core.specs.alpha:0.2.44:jar,Eclipse Public License 1.0,https://github.com/clojure/core.specs.alpha,binary,
crypto-equality,crypto-equality:crypto-equality:1.0.0:jar,Eclipse Public License 1.0,https://github.com/weavejester/crypto-equality,binary,
crypto-random,crypto-random:crypto-random:1.2.0:jar,Eclipse Public License 1.0,https://github.com/weavejester/crypto-random,binary,
data.codec,org.clojure:data.codec:0.1.1:jar,Eclipse Public License 1.0,https://github.com/clojure/data.codec,binary,
data.csv,org.clojure:data.csv:0.1.4:jar,Eclipse Public License 1.0,https://github.com/clojure/data.csv,binary,
data.priority-map,org.clojure:data.priority-map:0.0.7:jar,Eclipse Public License 1.0,https://github.com/clojure/data.priority-map,binary,
diff-match-patch,org.clojars.alesguzik:diff-match-patch:1.0:jar,Apache License 2.0,https://github.com/alesguzik/google-diff-match-patch/blob/master/COPYING,binary,
dirigiste,org.clj-commons:dirigiste:1.0.3:jar,MIT License,https://github.com/clj-commons/dirigiste/,binary,
environ,environ:environ:1.1.0:jar,Eclipse Public License 1.0,https://github.com/weavejester/environ,binary,
error-prone annotations,com.google.errorprone:error_prone_annotations:2.21.1:jar,Apache License 2.0,https://errorprone.info/error_prone_annotations,binary,
event-stream,3.3.4,MIT License,https://github.com/dominictarr/event-stream,binary,
FindBugs-jsr305,com.google.code.findbugs:jsr305:3.0.2:jar,BSD License,http://findbugs.sourceforge.net/,binary,
google-closure-library,Unspecified,Apache License 2.0,https://github.com/google/closure-library,binary,
google-diff-match-patch,Unspecified,Apache License 2.0,https://github.com/google/diff-match-patch,binary,
Guava InternalFutureFailureAccess and InternalFutures,com.google.guava:failureaccess:1.0.1:bundle,Apache License 2.0,http://www.apache.org/licenses/LICENSE-2.0.txt,binary,
Guava ListenableFuture only,com.google.guava:listenablefuture:9999.0-empty-to-avoid-conflict-with-guava:jar,Apache License 2.0,http://www.apache.org/licenses/LICENSE-2.0.txt,binary,
Guava: Google Core Libraries for Java,com.google.guava:guava:32.1.3-jre:bundle,Apache License 2.0,https://github.com/google/guava,binary,
hazelcast,com.hazelcast:hazelcast:3.12.13:jar,Apache License 2.0,https://hazelcast.org/,binary,
hazelcast-aws,com.hazelcast:hazelcast-aws:2.5-atlassian-1:jar,Apache License 2.0,http://hazelcast.org/,binary,
hickory,hickory:hickory:0.7.0:jar,Eclipse Public License 1.0,https://github.com/davidsantiago/hickory,binary,
instaparse,instaparse:instaparse:1.4.10:jar,Eclipse Public License 1.0,https://github.com/Engelberg/instaparse,binary,
J2ObjC Annotations,com.google.j2objc:j2objc-annotations:2.8:jar,Apache License 2.0,https://github.com/google/j2objc/,binary,
Jackson dataformat: CBOR,com.fasterxml.jackson.dataformat:jackson-dataformat-cbor:2.15.2:jar,Apache License 2.0,https://github.com/FasterXML/jackson-dataformats-binary,binary,
Jackson dataformat: Smile,com.fasterxml.jackson.dataformat:jackson-dataformat-smile:2.15.2:jar,Apache License 2.0,https://github.com/FasterXML/jackson-dataformats-binary,binary,
Jackson-annotations,com.fasterxml.jackson.core:jackson-annotations:2.15.2:jar,Apache License 2.0,https://github.com/FasterXML/jackson-annotations,binary,
Jackson-core,com.fasterxml.jackson.core:jackson-core:2.15.2:jar,Apache License 2.0,https://github.com/FasterXML/jackson-core,binary,
jackson-databind,com.fasterxml.jackson.core:jackson-databind:2.15.2:jar,Apache License 2.0,https://github.com/FasterXML/jackson-databind,binary,
jackson-dataformat-msgpack,org.msgpack:jackson-dataformat-msgpack:0.9.6:jar,Apache License 2.0,https://msgpack.org/,binary,
java.jdbc,org.clojure:java.jdbc:0.7.9:jar,Eclipse Public License 1.0,https://github.com/clojure/java.jdbc,binary,
JCIP Annotations under Apache License,com.github.stephenc.jcip:jcip-annotations:1.0-1:jar,Apache License 2.0,http://www.apache.org/licenses/LICENSE-2.0.txt,binary,
Joda-Time,joda-time:joda-time:2.10:jar,Apache License 2.0,http://www.apache.org/licenses/LICENSE-2.0.txt,binary,
joyent,Unspecified,MIT License,,binary,
jquery,1.9.1,MIT License,http://jquery.com/,binary,
JSON Small and Fast Parser,net.minidev:json-smart:2.4.10:bundle,Apache License 2.0,https://raw.githubusercontent.com/netplex/json-smart-v2/2.4.10/LICENSE,binary,
json3,3.3.2,MIT License,http://bestiejs.github.io/json3,binary,
jsoup Java HTML Parser,org.jsoup:jsoup:1.16.1:jar,MIT License,https://jsoup.org/license,binary,
Kubernetes Discovery Plugin for Hazelcast,com.hazelcast:hazelcast-kubernetes:1.5.5:bundle,Apache License 2.0,http://hazelcast.org/,binary,
lang,com.mysema.commons:mysema-commons-lang:0.2.4:jar,Apache License 2.0,http://www.apache.org/licenses/LICENSE-2.0.txt,binary,
lazymap,de.kotka:lazymap:3.1.0:jar,MIT License,https://clojars.org/de.kotka/lazymap,binary,
LZ4 and xxHash,net.jpountz.lz4:lz4:1.3:jar,Apache License 2.0,https://github.com/lz4/lz4-java,binary,
manifold,manifold:manifold:0.3.0:jar,MIT License,https://github.com/ztellman/manifold,binary,
mchange-commons-java,com.mchange:mchange-commons-java:0.2.19:jar,Eclipse Public License 1.0,http://www.eclipse.org/legal/epl-v10.html,binary,
medley,medley:medley:1.0.0:jar,Eclipse Public License 1.0,https://github.com/weavejester/medley,binary,
mount-lite,functionalbytes:mount-lite:2.1.1:jar,Eclipse Public License 1.0,https://github.com/aroemers/mount-lite,binary,
msgpack-core,org.msgpack:msgpack-core:0.9.6:jar,Apache License 2.0,https://msgpack.org/,binary,
Netty/Buffer,io.netty:netty-buffer:4.1.100.Final:jar,Apache License 2.0,https://www.apache.org/licenses/LICENSE-2.0.txt,binary,
Netty/Codec,io.netty:netty-codec:4.1.100.Final:jar,Apache License 2.0,https://www.apache.org/licenses/LICENSE-2.0.txt,binary,
Netty/Codec/DNS,io.netty:netty-codec-dns:4.1.100.Final:jar,Apache License 2.0,https://www.apache.org/licenses/LICENSE-2.0.txt,binary,
Netty/Codec/HTTP,io.netty:netty-codec-http:4.1.100.Final:jar,Apache License 2.0,https://www.apache.org/licenses/LICENSE-2.0.txt,binary,
Netty/Codec/Socks,io.netty:netty-codec-socks:4.1.100.Final:jar,Apache License 2.0,https://www.apache.org/licenses/LICENSE-2.0.txt,binary,
Netty/Common,io.netty:netty-common:4.1.100.Final:jar,Apache License 2.0,https://www.apache.org/licenses/LICENSE-2.0.txt,binary,
Netty/Handler,io.netty:netty-handler:4.1.100.Final:jar,Apache License 2.0,https://www.apache.org/licenses/LICENSE-2.0.txt,binary,
Netty/Handler/Proxy,io.netty:netty-handler-proxy:4.1.100.Final:jar,Apache License 2.0,https://www.apache.org/licenses/LICENSE-2.0.txt,binary,
Netty/Incubator/Transport/Classes/io_uring,io.netty.incubator:netty-incubator-transport-classes-io_uring:0.0.16.Final:jar,Apache License 2.0,http://www.apache.org/licenses/LICENSE-2.0,binary,
Netty/Incubator/Transport/Native/io_uring,io.netty.incubator:netty-incubator-transport-native-io_uring:0.0.16.Final:jar,Apache License 2.0,http://www.apache.org/licenses/LICENSE-2.0,binary,
Netty/Resolver,io.netty:netty-resolver:4.1.100.Final:jar,Apache License 2.0,https://www.apache.org/licenses/LICENSE-2.0.txt,binary,
Netty/Resolver/DNS,io.netty:netty-resolver-dns:4.1.100.Final:jar,Apache License 2.0,https://www.apache.org/licenses/LICENSE-2.0.txt,binary,
Netty/Transport,io.netty:netty-transport:4.1.100.Final:jar,Apache License 2.0,https://www.apache.org/licenses/LICENSE-2.0.txt,binary,
Netty/Transport/Classes/Epoll,io.netty:netty-transport-classes-epoll:4.1.100.Final:jar,Apache License 2.0,https://www.apache.org/licenses/LICENSE-2.0.txt,binary,
Netty/Transport/Classes/KQueue,io.netty:netty-transport-classes-kqueue:4.1.100.Final:jar,Apache License 2.0,https://www.apache.org/licenses/LICENSE-2.0.txt,binary,
Netty/Transport/Native/Epoll,io.netty:netty-transport-native-epoll:4.1.100.Final:jar,Apache License 2.0,https://www.apache.org/licenses/LICENSE-2.0.txt,binary,
Netty/Transport/Native/KQueue,io.netty:netty-transport-native-kqueue:4.1.100.Final:jar,Apache License 2.0,https://www.apache.org/licenses/LICENSE-2.0.txt,binary,
Netty/Transport/Native/Unix/Common,io.netty:netty-transport-native-unix-common:4.1.100.Final:jar,Apache License 2.0,https://www.apache.org/licenses/LICENSE-2.0.txt,binary,
Nimbus JOSE+JWT,com.nimbusds:nimbus-jose-jwt:8.22:jar,Apache License 2.0,https://connect2id.com/products/nimbus-jose-jwt,binary,
plumbing,prismatic:plumbing:0.5.5:jar,Eclipse Public License 1.0,https://github.com/plumatic/plumbing,binary,
potemkin,potemkin:potemkin:0.4.5:jar,MIT License,https://github.com/ztellman/potemkin,binary,
primitive-math,org.clj-commons:primitive-math:1.0.0:jar,MIT License,https://github.com/clj-commons/primitive-math/,binary,
primitive-math,primitive-math:primitive-math:0.1.4:jar,MIT License,https://github.com/ztellman/primitive-math,binary,
propertied,clojurewerkz:propertied:1.3.0:jar,Apache License 2.0,https://github.com/michaelklishin/propertied,binary,
Querydsl - Core module,com.mysema.querydsl:querydsl-core:3.7.4:jar,Apache License 2.0,http://www.apache.org/licenses/LICENSE-2.0.txt,binary,
Querydsl - SQL support,com.mysema.querydsl:querydsl-sql:3.7.4:jar,Apache License 2.0,http://www.apache.org/licenses/LICENSE-2.0.txt,binary,
quoin,quoin:quoin:0.1.2:jar,Eclipse Public License 1.0,https://github.com/davidsantiago/quoin,binary,
reload4j,ch.qos.reload4j:reload4j:1.2.24:jar,Apache License 2.0,http://www.apache.org/licenses/LICENSE-2.0.txt,binary,
requirejs,2.1.18,MIT License,http://github.com/jrburke/requirejs,binary,
riddley,riddley:riddley:0.1.12:jar,MIT License,https://github.com/ztellman/riddley,binary,
ring-codec,ring:ring-codec:1.1.2:jar,MIT License,https://github.com/ring-clojure/ring-codec,binary,
ring-core,ring:ring-core:1.8.2:jar,MIT License,https://github.com/ring-clojure/ring,binary,
schema,prismatic:schema:1.1.11:jar,Eclipse Public License 1.0,https://github.com/plumatic/schema,binary,
sizzlejs,Unspecified,MIT License,http://sizzlejs.com/,binary,
SLF4J API Module,org.slf4j:slf4j-api:1.7.36:jar,MIT License,http://www.opensource.org/licenses/mit-license.php,binary,
SLF4J Reload4j Binding,org.slf4j:slf4j-reload4j:1.7.36:jar,MIT License,http://www.opensource.org/licenses/mit-license.php,binary,
snappy-java,org.xerial.snappy:snappy-java:1.1.8.4:bundle,Apache License 2.0,https://github.com/xerial/snappy-java/blob/master/LICENSE,binary,
spec.alpha,org.clojure:spec.alpha:0.2.176:jar,Eclipse Public License 1.0,https://github.com/clojure/spec.alpha,binary,
specter,com.rpl:specter:1.1.2:jar,Apache License 2.0,https://github.com/nathanmarz/specter,binary,
support,clojurewerkz:support:1.1.0:jar,Eclipse Public License 1.0,https://github.com/clojurewerkz/support,binary,
tigris,tigris:tigris:0.1.1:jar,Eclipse Public License 1.0,https://github.com/dakrone/tigris,binary,
tools.analyzer,org.clojure:tools.analyzer:0.6.9:jar,Eclipse Public License 1.0,https://github.com/clojure/tools.analyzer,binary,
tools.analyzer.jvm,org.clojure:tools.analyzer.jvm:0.7.2:jar,Eclipse Public License 1.0,https://github.com/clojure/tools.analyzer.jvm,binary,
tools.logging,org.clojure:tools.logging:0.4.1:jar,Eclipse Public License 1.0,https://github.com/clojure/tools.logging,binary,
tools.macro,org.clojure:tools.macro:0.1.5:jar,Eclipse Public License 1.0,https://github.com/clojure/tools.macro,binary,
tools.reader,org.clojure:tools.reader:1.0.0-beta4:jar,Eclipse Public License 1.0,https://github.com/clojure/tools.reader,binary,
